{
  "method": "cnn",
  "split": "outputs/splits/utkface_split.json",
  "bins": [
    0,
    10,
    20,
    30,
    40,
    50,
    60,
    200
  ],
  "image_size": 224,
  "occlusion": {
    "types": [
      "none",
      "eyes",
      "mouth",
      "center"
    ],
    "fill": "mean"
  },
  "hyperparams": {
    "backbone": "resnet18",
    "pretrained": true,
    "epochs": 120,
    "batch_size": 128,
    "lr": 0.0003,
    "weight_decay": 0.0001,
    "imagenet_norm": true,
    "augment": true,
    "occlusion_aug_prob": 0.0,
    "occlusion_aug_types": [
      "eyes",
      "mouth",
      "center"
    ],
    "crop_aug": true,
    "crop_scale_min": 0.9,
    "crop_scale_max": 1.0,
    "erasing_p": 0.0,
    "eval_center_crop_frac": 0.9,
    "class_weight_kind": "none",
    "label_smoothing": 0.05,
    "grad_clip": 1.0,
    "amp": true,
    "scheduler": "cosine",
    "select_metric": "acc",
    "device_request": "cuda",
    "num_workers": 4,
    "prefetch_factor": 2
  },
  "metrics": {
    "none": {
      "acc": 0.6271091113610798,
      "macro_f1": 0.5852773689795713
    },
    "eyes": {
      "acc": 0.4403824521934758,
      "macro_f1": 0.3736875636008659
    },
    "mouth": {
      "acc": 0.5652418447694039,
      "macro_f1": 0.4727835426369223
    },
    "center": {
      "acc": 0.500843644544432,
      "macro_f1": 0.4507679407317558
    }
  },
  "confusion_matrices": {
    "none": [
      [
        451,
        42,
        4,
        0,
        0,
        1,
        0
      ],
      [
        32,
        138,
        56,
        8,
        0,
        0,
        0
      ],
      [
        1,
        48,
        855,
        188,
        21,
        3,
        3
      ],
      [
        0,
        11,
        298,
        259,
        61,
        24,
        3
      ],
      [
        0,
        3,
        43,
        98,
        98,
        42,
        17
      ],
      [
        0,
        1,
        17,
        47,
        66,
        108,
        103
      ],
      [
        0,
        0,
        6,
        9,
        19,
        51,
        321
      ]
    ],
    "eyes": [
      [
        206,
        84,
        74,
        109,
        0,
        1,
        24
      ],
      [
        9,
        94,
        72,
        58,
        0,
        0,
        1
      ],
      [
        1,
        86,
        488,
        537,
        3,
        0,
        4
      ],
      [
        0,
        19,
        144,
        482,
        2,
        2,
        7
      ],
      [
        0,
        4,
        26,
        244,
        6,
        2,
        19
      ],
      [
        0,
        1,
        14,
        197,
        8,
        16,
        106
      ],
      [
        0,
        1,
        4,
        112,
        2,
        13,
        274
      ]
    ],
    "mouth": [
      [
        473,
        22,
        0,
        2,
        1,
        0,
        0
      ],
      [
        68,
        101,
        54,
        9,
        1,
        0,
        1
      ],
      [
        33,
        79,
        766,
        219,
        12,
        2,
        8
      ],
      [
        15,
        25,
        278,
        242,
        49,
        9,
        38
      ],
      [
        3,
        5,
        66,
        104,
        51,
        9,
        63
      ],
      [
        4,
        7,
        26,
        62,
        29,
        19,
        195
      ],
      [
        3,
        1,
        11,
        10,
        16,
        7,
        358
      ]
    ],
    "center": [
      [
        447,
        41,
        6,
        2,
        0,
        2,
        0
      ],
      [
        55,
        143,
        28,
        7,
        0,
        0,
        1
      ],
      [
        25,
        360,
        537,
        176,
        5,
        11,
        5
      ],
      [
        10,
        150,
        186,
        273,
        9,
        25,
        3
      ],
      [
        2,
        42,
        33,
        163,
        14,
        27,
        20
      ],
      [
        7,
        22,
        14,
        107,
        17,
        79,
        96
      ],
      [
        4,
        10,
        9,
        39,
        5,
        51,
        288
      ]
    ]
  },
  "train_classes": [
    0,
    1,
    2,
    3,
    4,
    5,
    6
  ],
  "eval_classes_union_train_test": [
    0,
    1,
    2,
    3,
    4,
    5,
    6
  ],
  "best_val_metric": 0.6247538677918425,
  "device": "cuda"
}