{
  "method": "cnn",
  "split": "outputs/splits/utkface_split.json",
  "bins": [
    0,
    10,
    20,
    30,
    40,
    50,
    60,
    200
  ],
  "image_size": 224,
  "occlusion": {
    "types": [
      "none",
      "eyes",
      "mouth",
      "center"
    ],
    "fill": "mean"
  },
  "hyperparams": {
    "backbone": "resnet18",
    "pretrained": true,
    "epochs": 120,
    "batch_size": 128,
    "lr": 0.0003,
    "weight_decay": 0.0001,
    "imagenet_norm": true,
    "augment": true,
    "occlusion_aug_prob": 0.0,
    "occlusion_aug_types": [
      "eyes",
      "mouth",
      "center"
    ],
    "crop_aug": true,
    "crop_scale_min": 0.85,
    "crop_scale_max": 1.0,
    "erasing_p": 0.1,
    "eval_center_crop_frac": 0.0,
    "class_weight_kind": "sqrt_inv",
    "label_smoothing": 0.05,
    "grad_clip": 1.0,
    "amp": true,
    "scheduler": "cosine",
    "select_metric": "acc",
    "device_request": "cuda",
    "num_workers": 4,
    "prefetch_factor": 2
  },
  "metrics": {
    "none": {
      "acc": 0.6437007874015748,
      "macro_f1": 0.6018717554270381
    },
    "eyes": {
      "acc": 0.5818335208098988,
      "macro_f1": 0.5470548903927673
    },
    "mouth": {
      "acc": 0.6032058492688414,
      "macro_f1": 0.5606217528543034
    },
    "center": {
      "acc": 0.6158605174353206,
      "macro_f1": 0.5812037771428137
    }
  },
  "confusion_matrices": {
    "none": [
      [
        449,
        42,
        5,
        1,
        0,
        0,
        1
      ],
      [
        33,
        130,
        63,
        6,
        2,
        0,
        0
      ],
      [
        0,
        25,
        886,
        179,
        23,
        5,
        1
      ],
      [
        0,
        2,
        273,
        287,
        62,
        26,
        6
      ],
      [
        0,
        0,
        33,
        110,
        94,
        55,
        9
      ],
      [
        0,
        0,
        13,
        44,
        63,
        134,
        88
      ],
      [
        0,
        1,
        4,
        6,
        16,
        70,
        309
      ]
    ],
    "eyes": [
      [
        397,
        62,
        29,
        3,
        0,
        1,
        6
      ],
      [
        19,
        134,
        60,
        14,
        4,
        2,
        1
      ],
      [
        2,
        63,
        762,
        235,
        33,
        13,
        11
      ],
      [
        0,
        13,
        254,
        258,
        86,
        33,
        12
      ],
      [
        0,
        0,
        31,
        100,
        88,
        64,
        18
      ],
      [
        0,
        0,
        14,
        42,
        65,
        109,
        112
      ],
      [
        0,
        1,
        2,
        6,
        20,
        56,
        321
      ]
    ],
    "mouth": [
      [
        439,
        48,
        5,
        4,
        2,
        0,
        0
      ],
      [
        32,
        129,
        65,
        6,
        1,
        0,
        1
      ],
      [
        0,
        31,
        820,
        209,
        47,
        8,
        4
      ],
      [
        0,
        4,
        265,
        255,
        90,
        28,
        14
      ],
      [
        0,
        1,
        45,
        90,
        88,
        59,
        18
      ],
      [
        0,
        1,
        18,
        37,
        69,
        101,
        116
      ],
      [
        0,
        1,
        4,
        7,
        17,
        64,
        313
      ]
    ],
    "center": [
      [
        445,
        40,
        10,
        2,
        1,
        0,
        0
      ],
      [
        35,
        135,
        56,
        6,
        0,
        1,
        1
      ],
      [
        2,
        36,
        825,
        206,
        36,
        10,
        4
      ],
      [
        0,
        5,
        264,
        261,
        88,
        31,
        7
      ],
      [
        0,
        0,
        37,
        88,
        97,
        70,
        9
      ],
      [
        0,
        0,
        13,
        39,
        72,
        130,
        88
      ],
      [
        0,
        1,
        5,
        6,
        18,
        79,
        297
      ]
    ]
  },
  "train_classes": [
    0,
    1,
    2,
    3,
    4,
    5,
    6
  ],
  "eval_classes_union_train_test": [
    0,
    1,
    2,
    3,
    4,
    5,
    6
  ],
  "best_val_metric": 0.629817158931083,
  "device": "cuda"
}