{
  "method": "kpca_svm",
  "split": "outputs/splits/utkface_split.json",
  "bins": [
    0,
    10,
    20,
    30,
    40,
    50,
    60,
    200
  ],
  "image_size": 128,
  "occlusion": {
    "types": [
      "none",
      "eyes",
      "mouth",
      "center"
    ],
    "fill": "mean"
  },
  "hyperparams": {
    "kpca_components": 200,
    "kpca_kernel": "rbf",
    "kpca_gamma": 6.103515625e-05,
    "svm_C": 10.0,
    "svm_kernel": "rbf",
    "use_scaler": false,
    "use_class_weight": true
  },
  "metrics": {
    "none": {
      "acc": 0.5064679415073116,
      "macro_f1": 0.4656283216189568
    },
    "eyes": {
      "acc": 0.3863892013498313,
      "macro_f1": 0.37115473220385126
    },
    "mouth": {
      "acc": 0.4876265466816648,
      "macro_f1": 0.42641217690232436
    },
    "center": {
      "acc": 0.4645669291338583,
      "macro_f1": 0.4351044570735588
    }
  },
  "confusion_matrices": {
    "none": [
      [
        408,
        40,
        33,
        7,
        2,
        2,
        6
      ],
      [
        37,
        84,
        69,
        20,
        11,
        6,
        7
      ],
      [
        22,
        57,
        692,
        233,
        65,
        27,
        23
      ],
      [
        10,
        30,
        266,
        197,
        86,
        49,
        18
      ],
      [
        7,
        9,
        61,
        84,
        82,
        42,
        16
      ],
      [
        3,
        12,
        28,
        52,
        66,
        101,
        80
      ],
      [
        4,
        10,
        30,
        31,
        24,
        70,
        237
      ]
    ],
    "eyes": [
      [
        283,
        93,
        23,
        17,
        4,
        16,
        62
      ],
      [
        22,
        108,
        34,
        24,
        6,
        14,
        26
      ],
      [
        45,
        201,
        374,
        241,
        82,
        85,
        91
      ],
      [
        12,
        81,
        135,
        164,
        95,
        94,
        75
      ],
      [
        9,
        27,
        28,
        63,
        62,
        69,
        43
      ],
      [
        4,
        22,
        12,
        38,
        43,
        105,
        118
      ],
      [
        3,
        19,
        7,
        26,
        13,
        60,
        278
      ]
    ],
    "mouth": [
      [
        398,
        35,
        43,
        10,
        2,
        4,
        6
      ],
      [
        48,
        50,
        88,
        20,
        9,
        12,
        7
      ],
      [
        26,
        31,
        744,
        160,
        68,
        62,
        28
      ],
      [
        15,
        17,
        288,
        155,
        82,
        78,
        21
      ],
      [
        5,
        10,
        85,
        71,
        62,
        49,
        19
      ],
      [
        8,
        7,
        42,
        44,
        54,
        117,
        70
      ],
      [
        9,
        7,
        37,
        29,
        28,
        88,
        208
      ]
    ],
    "center": [
      [
        372,
        38,
        41,
        24,
        12,
        6,
        5
      ],
      [
        24,
        63,
        75,
        45,
        16,
        5,
        6
      ],
      [
        17,
        31,
        570,
        354,
        98,
        24,
        25
      ],
      [
        8,
        17,
        209,
        277,
        105,
        23,
        17
      ],
      [
        1,
        7,
        49,
        101,
        95,
        28,
        20
      ],
      [
        5,
        8,
        28,
        60,
        97,
        73,
        71
      ],
      [
        9,
        2,
        29,
        61,
        44,
        59,
        202
      ]
    ]
  },
  "train_classes": [
    0,
    1,
    2,
    3,
    4,
    5,
    6
  ],
  "eval_classes_union_train_test": [
    0,
    1,
    2,
    3,
    4,
    5,
    6
  ]
}