{
  "method": "lda_gaussian",
  "split": "outputs/splits/utkface_split.json",
  "bins": [
    0,
    10,
    20,
    30,
    40,
    50,
    60,
    200
  ],
  "image_size": 128,
  "occlusion": {
    "types": [
      "none",
      "eyes",
      "mouth",
      "center"
    ],
    "fill": "mean"
  },
  "hyperparams": {
    "fisher_pca_components": 300,
    "fisher_pca_whiten": false,
    "feature_standardize": true,
    "gaussian_reg": 0.001,
    "gaussian_shared_cov": true,
    "gaussian_diagonal": false
  },
  "metrics": {
    "none": {
      "acc": 0.5196850393700787,
      "macro_f1": 0.4475905662986139
    },
    "eyes": {
      "acc": 0.3517997750281215,
      "macro_f1": 0.32672150667254435
    },
    "mouth": {
      "acc": 0.483970753655793,
      "macro_f1": 0.39824835868412795
    },
    "center": {
      "acc": 0.49100112485939257,
      "macro_f1": 0.40202833808532684
    }
  },
  "confusion_matrices": {
    "none": [
      [
        385,
        32,
        54,
        14,
        0,
        3,
        10
      ],
      [
        24,
        58,
        125,
        15,
        2,
        4,
        6
      ],
      [
        14,
        34,
        828,
        187,
        22,
        19,
        15
      ],
      [
        1,
        11,
        334,
        196,
        52,
        34,
        28
      ],
      [
        1,
        7,
        93,
        90,
        42,
        46,
        22
      ],
      [
        2,
        11,
        58,
        57,
        40,
        78,
        96
      ],
      [
        2,
        3,
        56,
        22,
        7,
        55,
        261
      ]
    ],
    "eyes": [
      [
        152,
        76,
        45,
        14,
        10,
        47,
        154
      ],
      [
        6,
        86,
        55,
        25,
        6,
        21,
        35
      ],
      [
        18,
        203,
        415,
        210,
        51,
        111,
        111
      ],
      [
        1,
        62,
        179,
        179,
        67,
        106,
        62
      ],
      [
        0,
        12,
        44,
        83,
        48,
        67,
        47
      ],
      [
        1,
        15,
        26,
        53,
        39,
        101,
        107
      ],
      [
        0,
        7,
        23,
        28,
        10,
        68,
        270
      ]
    ],
    "mouth": [
      [
        345,
        34,
        98,
        11,
        1,
        1,
        8
      ],
      [
        18,
        44,
        151,
        9,
        2,
        3,
        7
      ],
      [
        13,
        42,
        864,
        137,
        19,
        21,
        23
      ],
      [
        7,
        11,
        390,
        127,
        46,
        42,
        33
      ],
      [
        2,
        8,
        113,
        80,
        24,
        53,
        21
      ],
      [
        2,
        9,
        81,
        54,
        34,
        77,
        85
      ],
      [
        1,
        5,
        68,
        25,
        9,
        58,
        240
      ]
    ],
    "center": [
      [
        384,
        16,
        69,
        20,
        2,
        0,
        7
      ],
      [
        30,
        31,
        130,
        31,
        4,
        4,
        4
      ],
      [
        28,
        17,
        827,
        203,
        20,
        10,
        14
      ],
      [
        7,
        8,
        351,
        212,
        39,
        21,
        18
      ],
      [
        3,
        9,
        100,
        105,
        40,
        24,
        20
      ],
      [
        3,
        8,
        66,
        92,
        40,
        51,
        82
      ],
      [
        4,
        6,
        73,
        51,
        19,
        52,
        201
      ]
    ]
  },
  "train_classes": [
    0,
    1,
    2,
    3,
    4,
    5,
    6
  ],
  "eval_classes_union_train_test": [
    0,
    1,
    2,
    3,
    4,
    5,
    6
  ]
}