{
  "method": "mlp",
  "split": "outputs/splits/utkface_split.json",
  "bins": [
    0,
    10,
    20,
    30,
    40,
    50,
    60,
    200
  ],
  "image_size": 128,
  "occlusion": {
    "types": [
      "none",
      "eyes",
      "mouth",
      "center"
    ],
    "fill": "mean"
  },
  "hyperparams": {
    "hidden_sizes": [
      1024,
      512,
      256
    ],
    "dropout": 0.4,
    "activation": "relu",
    "use_batchnorm": false,
    "epochs": 80,
    "batch_size": 128,
    "lr": 0.001,
    "weight_decay": 0.0001
  },
  "metrics": {
    "none": {
      "acc": 0.545556805399325,
      "macro_f1": 0.5175803755644512
    },
    "eyes": {
      "acc": 0.4904386951631046,
      "macro_f1": 0.45762610871058984
    },
    "mouth": {
      "acc": 0.5278402699662542,
      "macro_f1": 0.4912384314614001
    },
    "center": {
      "acc": 0.5365579302587177,
      "macro_f1": 0.5041694617505524
    }
  },
  "confusion_matrices": {
    "none": [
      [
        435,
        32,
        22,
        4,
        0,
        0,
        5
      ],
      [
        37,
        96,
        77,
        17,
        2,
        2,
        3
      ],
      [
        13,
        46,
        683,
        299,
        53,
        17,
        8
      ],
      [
        10,
        13,
        231,
        260,
        90,
        40,
        12
      ],
      [
        2,
        3,
        44,
        93,
        92,
        50,
        17
      ],
      [
        4,
        1,
        23,
        60,
        74,
        119,
        61
      ],
      [
        4,
        1,
        14,
        26,
        32,
        74,
        255
      ]
    ],
    "eyes": [
      [
        393,
        31,
        43,
        11,
        3,
        6,
        11
      ],
      [
        37,
        77,
        76,
        29,
        4,
        7,
        4
      ],
      [
        30,
        65,
        632,
        290,
        57,
        35,
        10
      ],
      [
        17,
        22,
        227,
        232,
        98,
        46,
        14
      ],
      [
        4,
        4,
        45,
        95,
        79,
        54,
        20
      ],
      [
        7,
        1,
        23,
        69,
        65,
        110,
        67
      ],
      [
        12,
        4,
        18,
        41,
        36,
        74,
        221
      ]
    ],
    "mouth": [
      [
        422,
        34,
        29,
        6,
        0,
        3,
        4
      ],
      [
        35,
        87,
        84,
        22,
        1,
        1,
        4
      ],
      [
        10,
        46,
        707,
        253,
        61,
        28,
        14
      ],
      [
        12,
        17,
        235,
        237,
        97,
        42,
        16
      ],
      [
        2,
        6,
        55,
        90,
        80,
        51,
        17
      ],
      [
        3,
        2,
        24,
        70,
        68,
        116,
        59
      ],
      [
        3,
        3,
        19,
        39,
        33,
        81,
        228
      ]
    ],
    "center": [
      [
        433,
        35,
        22,
        4,
        0,
        1,
        3
      ],
      [
        38,
        89,
        75,
        24,
        3,
        2,
        3
      ],
      [
        22,
        44,
        684,
        289,
        47,
        26,
        7
      ],
      [
        10,
        14,
        233,
        256,
        92,
        37,
        14
      ],
      [
        2,
        3,
        46,
        98,
        84,
        52,
        16
      ],
      [
        4,
        3,
        21,
        65,
        69,
        120,
        60
      ],
      [
        4,
        4,
        16,
        33,
        30,
        77,
        242
      ]
    ]
  },
  "train_classes": [
    0,
    1,
    2,
    3,
    4,
    5,
    6
  ],
  "eval_classes_union_train_test": [
    0,
    1,
    2,
    3,
    4,
    5,
    6
  ],
  "best_val_metric": 0.49853047340231454,
  "device": "cpu"
}