{
  "none": {
    "acc": 0.545556805399325,
    "macro_f1": 0.5175803755644512
  },
  "eyes": {
    "acc": 0.4904386951631046,
    "macro_f1": 0.45762610871058984
  },
  "mouth": {
    "acc": 0.5278402699662542,
    "macro_f1": 0.4912384314614001
  },
  "center": {
    "acc": 0.5365579302587177,
    "macro_f1": 0.5041694617505524
  }
}