{
  "method": "pca_gaussian",
  "split": "outputs/splits/utkface_split.json",
  "bins": [
    0,
    10,
    20,
    30,
    40,
    50,
    60,
    200
  ],
  "image_size": 128,
  "occlusion": {
    "types": [
      "none",
      "eyes",
      "mouth",
      "center"
    ],
    "fill": "mean"
  },
  "hyperparams": {
    "pca_components": 200,
    "pca_whiten": false,
    "feature_standardize": true,
    "gaussian_reg": 0.001,
    "gaussian_diagonal": true,
    "gaussian_shared_cov": true
  },
  "metrics": {
    "none": {
      "acc": 0.5028121484814398,
      "macro_f1": 0.41524262142241175
    },
    "eyes": {
      "acc": 0.35883014623172105,
      "macro_f1": 0.3200726789215365
    },
    "mouth": {
      "acc": 0.4752530933633296,
      "macro_f1": 0.3691235493221699
    },
    "center": {
      "acc": 0.4634420697412823,
      "macro_f1": 0.3816323206474248
    }
  },
  "confusion_matrices": {
    "none": [
      [
        359,
        26,
        92,
        6,
        1,
        2,
        12
      ],
      [
        15,
        40,
        154,
        12,
        1,
        5,
        7
      ],
      [
        10,
        23,
        877,
        165,
        13,
        16,
        15
      ],
      [
        0,
        12,
        381,
        186,
        36,
        20,
        21
      ],
      [
        1,
        5,
        112,
        94,
        33,
        29,
        27
      ],
      [
        2,
        10,
        82,
        70,
        35,
        58,
        85
      ],
      [
        3,
        1,
        88,
        26,
        8,
        45,
        235
      ]
    ],
    "eyes": [
      [
        132,
        56,
        75,
        13,
        9,
        56,
        157
      ],
      [
        2,
        69,
        71,
        26,
        8,
        23,
        35
      ],
      [
        12,
        149,
        493,
        215,
        34,
        95,
        121
      ],
      [
        1,
        44,
        202,
        174,
        53,
        109,
        73
      ],
      [
        1,
        10,
        53,
        85,
        41,
        64,
        47
      ],
      [
        2,
        9,
        32,
        56,
        31,
        99,
        113
      ],
      [
        0,
        5,
        37,
        32,
        7,
        57,
        268
      ]
    ],
    "mouth": [
      [
        318,
        12,
        149,
        6,
        1,
        3,
        9
      ],
      [
        13,
        25,
        182,
        9,
        0,
        1,
        4
      ],
      [
        7,
        26,
        939,
        100,
        9,
        15,
        23
      ],
      [
        2,
        7,
        451,
        124,
        22,
        30,
        20
      ],
      [
        2,
        4,
        138,
        82,
        16,
        35,
        24
      ],
      [
        1,
        3,
        117,
        62,
        14,
        64,
        81
      ],
      [
        1,
        4,
        115,
        22,
        5,
        55,
        204
      ]
    ],
    "center": [
      [
        360,
        9,
        86,
        27,
        8,
        1,
        7
      ],
      [
        15,
        18,
        131,
        56,
        6,
        3,
        5
      ],
      [
        10,
        15,
        749,
        295,
        32,
        5,
        13
      ],
      [
        2,
        6,
        318,
        259,
        46,
        15,
        10
      ],
      [
        2,
        6,
        97,
        122,
        45,
        15,
        14
      ],
      [
        2,
        4,
        70,
        118,
        45,
        39,
        64
      ],
      [
        5,
        3,
        85,
        65,
        23,
        47,
        178
      ]
    ]
  },
  "train_classes": [
    0,
    1,
    2,
    3,
    4,
    5,
    6
  ],
  "eval_classes_union_train_test": [
    0,
    1,
    2,
    3,
    4,
    5,
    6
  ]
}